{
    "title": "RC522",
    "category": "RFID reader",
    "published-maven": {
        "maven-url": "https://bintray.com",
        "groupid": "com.galarzaa.android-things",
        "artifactid": "rc522"
    },
    "compatible-with": [
        {
            "title": "MFRC52201HN1,157",
            "url": "https://www.mouser.com/ProductDetail/NXP-Semiconductors/MFRC52201HN1157?qs=sGAEpiMZZMvQHWqrh58LgXfIUFI2gLGmD94rULFs1M4%3d",
            "photo": "https://www.mouser.com/images/nxp/images/SOT_617-3_32_HVQFN_DSL.jpg"
        }
    ]
}
